fiscal_year,revenue,revenue_growth,cost_of_revenue,gross_profit,gross_margin,rd_expense,sm_expense,ga_expense,reconstructed_opex,operating_income,operating_margin,net_income,net_profit_margin,operating_cash_flow,capex,free_cash_flow,free_cash_flow_margin,cash_and_equivalents,assets,liabilities,equity
2016,91154000000,,32780000000,58374000000,64.03887925927552,11988000000,14635000000,4563000000,31186000000,27188000000,29.826447550299495,20539000000,22.532198257893235,33325000000,8343000000,24982000000,27.406367246637558,6510000000,193468000000,121471000000,71997000000
2017,96571000000,5.942690392083727,34261000000,62310000000,64.52247569146017,13037000000,15461000000,4481000000,32979000000,29331000000,30.372472067183732,25489000000,26.394052044609666,39507000000,8129000000,31378000000,32.49215603027824,7663000000,250312000000,162601000000,87711000000
2018,110360000000,14.278613662486661,38353000000,72007000000,65.2473722363175,14726000000,17469000000,4754000000,36949000000,35058000000,31.766944545125046,16571000000,15.01540413193186,43884000000,11632000000,32252000000,29.22435665096049,11946000000,258848000000,176130000000,82718000000
2019,125843000000,14.029539688292857,42910000000,82933000000,65.90195720063889,16876000000,18213000000,4885000000,39974000000,42959000000,34.13698020549415,39240000000,31.181710544090652,52185000000,13925000000,38260000000,30.402962421429873,11356000000,286556000000,184226000000,102330000000
2020,143015000000,13.645574247276372,46078000000,96937000000,67.78100199279797,19269000000,19598000000,5111000000,43978000000,52959000000,37.03038142852149,44281000000,30.962486452470024,60675000000,15441000000,45234000000,31.62885012061672,13576000000,301311000000,183007000000,118304000000
2021,168088000000,17.5317274411775,52232000000,115856000000,68.9258007710247,20716000000,20117000000,5107000000,45940000000,69916000000,41.5948788729713,61271000000,36.451739564989765,76740000000,20622000000,56118000000,33.386083480081865,14224000000,333779000000,191791000000,141988000000
2022,198270000000,17.956070629670172,62650000000,135620000000,68.4016744842891,24512000000,21825000000,5900000000,52237000000,83383000000,42.05527815604983,72738000000,36.68633681343622,89035000000,23886000000,65149000000,32.85872799717557,13931000000,364840000000,198298000000,166542000000
2023,211915000000,6.8820295556564215,65863000000,146052000000,68.92008588349103,27195000000,22759000000,7575000000,57529000000,88523000000,41.7728806361041,72361000000,34.14623787839464,87582000000,28107000000,59475000000,28.06549795908737,34704000000,411976000000,205753000000,206223000000
2024,245122000000,15.66996201307127,74114000000,171008000000,69.76444382797138,29510000000,24456000000,7609000000,61575000000,109433000000,44.64429957327371,88136000000,35.955972944084984,118548000000,44477000000,74071000000,30.218013886962407,18315000000,512163000000,243686000000,268477000000
2025,281724000000,14.932156232406712,87831000000,193893000000,68.8237423861652,32488000000,25654000000,7223000000,65365000000,128528000000,45.62195624085985,101832000000,36.146015248967075,136162000000,64551000000,71611000000,25.418849654271558,30242000000,619003000000,275524000000,343479000000
2026,331839000000,17.788686799846666,106374000000,225465000000,67.94409337058032,35562000000,26710000000,7956000000,70228000000,155237000000,46.780818408927225,133749000000,40.30538905915218,182935000000,115948000000,66987000000,20.18659651216403,20935000000,758376000000,315989000000,442387000000
